Unnamed: 0.2,Unnamed: 0.1,Unnamed: 0,event_id,match_id,match_period,minute,second,match_timestamp,video_timestamp,primary_type,secondary_types,location_x,location_y,team_id,team_name,team_formation,opponent_team_id,opponent_team_name,opponent_team_formation,player_id,player_name,player_position,pass_accurate,pass_angle,pass_length,recipient_id,recipient_name,recipient_position,end_location_x,end_location_y,shot_body_part,is_goal,on_target,goal_zone,xg,post_shot_xg,goalkeeper_action_id,goalkeeper,opponent_id_ground_duel,opponent_name_ground_duel,opponent_position_ground_duel,duel_type_ground_duel,kept_possession_ground_duel,progressed_with_ball_ground_duel,stopped_progress_ground_duel,recovered_possession_ground_duel,take_on_ground_duel,side_ground_duel,related_duel_id_ground_duel,opponent_id_aerial_duel,opponent_name_aerial_duel,opponent_position_aerial_duel,opponent_height_aerial_duel,first_touch_aerial_duel,height_aerial_duel,related_duel_id_aerial_duel,yellow_card,red_card,infraction_type,opponent_id_infraction,opponent_name_infraction,opponent_position_infraction,carry_progression,end_location_x_carry,end_location_y_carry,possession_id,possession_duration,possession_types,events_number,event_index,start_location_x,start_location_y,end_location_x_possession,end_location_y_possession,team_id_possession,team_name_possession,team_formation_possession,with_shot,with_shot_on_goal,with_goal,flank,xg_possession,back_pass,short_or_medium_pass,lateral_pass,forward_pass,progressive_pass,loose_ball_duel,carry,long_pass,pass_to_final_third,opportunity,head_pass,recovery,under_pressure,ball_out,loss,hand_pass,foul_suffered,ground_duel,linkup_play,offensive_duel,defensive_duel,foul,dribble,aerial_duel,counterpressing_recovery,pass,deep_completion,touch_in_box,interception,sliding_tackle,progressive_run,smart_pass,cross,deep_completed_cross,pass_to_penalty_area,second_assist,assist,key_pass,shot_assist,goal,conceded_goal,dribbled_past_attempt,shot_after_throw_in,shot_block,free_kick_cross,save,save_with_reflex,shot_after_corner,cross_blocked,through_pass,free_kick_shot,shot,head_shot,whistle,shot_after_free_kick,acceleration,penalty_foul,penalty_goal,penalty_conceded_goal,third_assist,penalty_save,flank_right,flank_left,flank_center,accurate,not_accurate,normal_pass,on_target_true,on_target_false,goal_true,goal_false,right_foot_true,left_foot_true,head_or_other_true,head_or_other_foot_true,video_timestamp_previous,video_timestamp_next,primary_type_next,primary_type_previous,video_timestamp_2_events_previous,video_timestamp_2_events_next,timestamp_previous_difference,timestamp_next_difference,begin_clip_timestamp,end_clip_timestamp,length_clip
5629,5636,172798,1842387526,5476342,1H,30,15,00:30:15.231,1816.231275,duel,"defensive_duel, ground_duel",35,42,3173,Cagliari,4-3-3,3193,Genoa,3-5-2,0,,,,,,,,,,,,,,,,,,,544937.0,M. Frendrup,RCMF3,defensive_duel,,,False,False,False,,1842386423.0,,,,,,,,0,0,,,,,,,,,,,,,,,,,,,,,,,,,0,0,0,0,0,0,0,0,0,0,0,0,0,0,0,0,0,1,0,0,1,0,0,0,0,0,0,0,0,0,0,0,0,0,0,0,0,0,0,0,0,0,0,0,0,0,0,0,0,0,0,0,0,0,0,0,0,0,0,0,0,,,,,,,,,,,,,,,1816.031982,1817.276959,infraction,duel,1814.456826,1839.638049,0.1992930000001251,1.0456839999999374,1815.98215875,1817.53838,1.5562212499999075
8857,8870,265743,1871879984,5476397,1H,22,12,00:22:12.149,1333.149034,interception,"head_pass, lateral_pass, pass, carry, short_or_medium_pass",19,70,3173,Cagliari,4-4-2,3187,Napoli,4-3-3,584121,G. Oristanio,RW,False,135.0,26.0,584121.0,G. Oristanio,RW,2.0,97.0,,,,,,,,,,,,,,,,,,,,,,,,,,,0,0,,,,,-21.62,5.0,98.0,1871879984.0,8.2221655,[],6.0,0.0,19.0,70.0,9.0,100.0,3173.0,Cagliari,4-4-2,,,,,,0,1,1,0,0,0,1,0,0,0,1,0,0,0,0,0,0,0,0,0,0,0,0,0,0,1,0,0,0,0,0,0,0,0,0,0,0,0,0,0,0,0,0,0,0,0,0,0,0,0,0,0,0,0,0,0,0,0,0,0,0,,,,,,,,,,,,,,,1330.606509,1337.533667,duel,pass,1327.355534,1340.108635,2.5425250000000688,4.384632999999894,1329.97087775,1338.6298252499998,8.65894749999984
9611,9626,248154,1869673038,5476386,2H,61,23,01:01:23.449,3694.449892,interception,"head_pass, loss",5,40,3236,Monza,4-2-3-1,3193,Genoa,3-5-2,136022,M. Marić,CF,,,,,,,,,,,,,,,,,,,,,,,,,,,,,,,,,,,0,0,,,,,,,,1869673679.0,6.061072,"['set_piece_attack', 'attack', 'free_kick', 'free_kick_cross']",7.0,4.0,64.0,75.0,97.0,54.0,3193.0,Genoa,3-5-2,True,False,False,left,0.6844,0,0,0,0,0,0,0,0,0,0,1,0,0,0,1,0,0,0,0,0,0,0,0,0,0,0,0,0,0,0,0,0,0,0,0,0,0,0,0,0,0,0,0,0,0,0,0,0,0,0,0,0,0,0,0,0,0,0,0,0,0,,,,,,,,,,,,,,,3692.988497,3696.03111,pass,duel,3692.654841,3696.842668,1.461395000000266,1.581217999999808,3692.654841,3696.4264145,3.771573499999704
8098,8109,358734,2010144227,5476453,1H,22,25,00:22:25.916,1346.916155,duel,loose_ball_duel,82,4,3168,Lecce,4-3-3,3193,Genoa,3-5-2,22578,N. Sansone,LWF,,,,,,,,,,,,,,,,,,,,,,,,,,,,,,,,,,,0,0,,,,,,,,2010144213.0,15.1138395,"['attack', 'throw_in']",7.0,6.0,54.0,100.0,82.0,4.0,3168.0,Lecce,4-3-3,False,False,False,left,0.0,0,0,0,0,0,1,0,0,0,0,0,0,0,0,0,0,0,0,0,0,0,0,0,0,0,0,0,0,0,0,0,0,0,0,0,0,0,0,0,0,0,0,0,0,0,0,0,0,0,0,0,0,0,0,0,0,0,0,0,0,0,,,,,,,,,,,,,,,1345.290404,1347.741526,duel,pass,1343.876027,1349.570615,1.6257509999998092,0.825371000000132,1344.8839662500002,1347.94786875,3.063902499999813
12190,12215,320789,1982623989,5476430,2H,82,14,01:22:14.668,5144.668787,pass,"back_pass, short_or_medium_pass, under_pressure",53,37,3172,Atalanta,3-4-3,3254,Frosinone,5-4-1,135807,M. Pašalić,RCMF,True,176.0,14.0,502363.0,I. Hien,CB,40.0,38.0,,,,,,,,,,,,,,,,,,,,,,,,,,,0,0,,,,,,,,1982623982.0,37.103684,"['attack', 'throw_in']",20.0,9.0,68.0,0.0,51.0,17.0,3172.0,Atalanta,3-4-3,False,False,False,left,0.0,1,1,0,0,0,0,0,0,0,0,0,0,1,0,0,0,0,0,0,0,0,0,0,0,0,0,0,0,0,0,0,0,0,0,0,0,0,0,0,0,0,0,0,0,0,0,0,0,0,0,0,0,0,0,0,0,0,0,0,0,0,,,,1.0,0.0,1.0,,,,,,,,,5143.527517,5146.147877,pass,pass,5141.11284,5148.794368,1.1412699999991671,1.479090000000724,5143.2421995,5146.5176495000005,3.275450000000092
19321,19371,55892,1762936075,5476273,1H,14,50,00:14:50.670,891.670037,shot,"opportunity, touch_in_box",85,73,3193,Genoa,4-5-1,3187,Napoli,4-1-4-1,551694,M. Retegui,CF,,,,,,,,,right_foot,0.0,0.0,otr,0.02529,,,,,,,,,,,,,,,,,,,,,,0,0,,,,,,,,1762936052.0,35.227164,"['set_piece_attack', 'attack', 'free_kick']",14.0,13.0,31.0,78.0,85.0,73.0,3193.0,Genoa,4-5-1,True,False,False,left,0.0253,0,0,0,0,0,0,0,0,0,1,0,0,0,0,0,0,0,0,0,0,0,0,0,0,0,0,0,1,0,0,0,0,0,0,0,0,0,0,0,0,0,0,0,0,0,0,0,0,0,0,0,0,0,0,0,0,0,0,0,0,0,,,,,,,0.0,1.0,0.0,1.0,1.0,0.0,0.0,,890.280717,900.695802,game_interruption,interception,888.007197,913.173062,1.389319999999998,9.025764999999978,889.933387,902.95224325,13.018856249999883
22673,22731,108697,1777958350,5476304,1H,32,9,00:32:09.471,1930.471732,touch,"progressive_run, carry",69,18,3157,Milan,4-3-3,3162,Lazio,4-3-3,399654,Rafael Leão,LWF,,,,,,,,,,,,,,,,,,,,,,,,,,,,,,,,,,,0,0,,,,,20.32,90.0,27.0,1777958345.0,10.4460705,"['counterattack', 'attack']",6.0,4.0,43.0,90.0,90.0,27.0,3157.0,Milan,4-3-3,True,True,False,left,0.0394,0,0,0,0,0,0,1,0,0,0,0,0,0,0,0,0,0,0,0,0,0,0,0,0,0,0,0,0,0,0,1,0,0,0,0,0,0,0,0,0,0,0,0,0,0,0,0,0,0,0,0,0,0,0,0,0,0,0,0,0,0,,,,,,,,,,,,,,,1928.738536,1934.403168,shot,pass,1926.402085,1935.237246,1.7331959999999071,3.931436000000076,1928.305237,1935.237246,6.93200899999988
13532,13563,184029,1829419055,5476348,2H,84,42,01:24:42.008,5346.008308,pass,"lateral_pass, loss, short_or_medium_pass",79,37,3315,Sassuolo,4-1-4-1,3185,Torino,3-4-1-2,669931,C. Volpato,LCMF,False,110.0,20.0,138174.0,K. Linetty,RCMF,72.0,64.0,,,,,,,,,,,,,,,,,,,,,,,,,,,0,0,,,,,,,,1829419031.0,44.9478875,"['attack', 'transition_low']",16.0,15.0,14.0,52.0,72.0,64.0,3315.0,Sassuolo,4-1-4-1,False,False,False,center,0.0,0,1,1,0,0,0,0,0,0,0,0,0,0,0,1,0,0,0,0,0,0,0,0,0,0,0,0,0,0,0,0,0,0,0,0,0,0,0,0,0,0,0,0,0,0,0,0,0,0,0,0,0,0,0,0,0,0,0,0,0,0,,,,0.0,1.0,1.0,,,,,,,,,5345.488494,5347.935911,pass,pass,5344.837806,5349.737213,0.519814000000224,1.9276029999991808,5345.3585405,5348.41781175,3.059271249999256
11672,11697,45897,1744273320,5476266,2H,93,48,01:33:48.989,5875.989909,interception,shot_block,11,37,3157,Milan,4-4-1,3158,Roma,4-3-1-2,461665,T. Pobega,LCMF,,,,,,,,,,,,,,,,,,,,,,,,,,,,,,,,,,,0,0,,,,,,,,,,,,,,,,,,,,,,,,,0,0,0,0,0,0,0,0,0,0,0,0,0,0,0,0,0,0,0,0,0,0,0,0,0,0,0,0,0,0,0,0,0,0,0,0,0,0,0,0,0,0,0,1,0,0,0,0,0,0,0,0,0,0,0,0,0,0,0,0,0,,,,,,,,,,,,,,,5875.686134,5878.969216,game_interruption,shot,5874.697761,5897.798259,0.3037750000003143,2.9793070000005173,5875.61019025,5879.714042750001,4.103852500001267
17685,17732,255913,1873069404,5476391,1H,24,11,00:24:11.370,1452.370111,pass,"lateral_pass, short_or_medium_pass",69,58,3158,Roma,3-4-1-2,3166,Bologna,4-2-3-1,20404,B. Cristante,LCMF,True,72.0,21.0,86195.0,L. Paredes,RCMF,75.0,88.0,,,,,,,,,,,,,,,,,,,,,,,,,,,0,0,,,,,,,,1873069388.0,28.8582095,"['set_piece_attack', 'attack', 'free_kick']",15.0,12.0,36.0,83.0,83.0,95.0,3158.0,Roma,3-4-1-2,False,False,False,right,0.0,0,1,1,0,0,0,0,0,0,0,0,0,0,0,0,0,0,0,0,0,0,0,0,0,0,0,0,0,0,0,0,0,0,0,0,0,0,0,0,0,0,0,0,0,0,0,0,0,0,0,0,0,0,0,0,0,0,0,0,0,0,,,,1.0,0.0,1.0,,,,,,,,,1450.670033,1453.81385,pass,pass,1447.693325,1456.678748,1.7000779999998483,1.4437390000000505,1450.2450135,1454.17478475,3.92977124999993
10323,10341,425268,2106035562,5476492,1H,40,52,00:40:52.347,2453.347978,interception,loss,15,45,3176,Fiorentina,4-2-3-1,3162,Lazio,4-1-4-1,523086,L. Ranieri,LCB,,,,,,,,,,,,,,,,,,,,,,,,,,,,,,,,,,,0,0,,,,,,,,2106035554.0,24.294619,['transition_low'],11.0,10.0,15.0,76.0,70.0,28.0,3176.0,Fiorentina,4-2-3-1,,,,,,0,0,0,0,0,0,0,0,0,0,0,0,0,0,1,0,0,0,0,0,0,0,0,0,0,0,0,0,0,0,0,0,0,0,0,0,0,0,0,0,0,0,0,0,0,0,0,0,0,0,0,0,0,0,0,0,0,0,0,0,0,,,,,,,,,,,,,,,2452.311921,2459.804406,pass,pass,2450.441629,2460.922456,1.0360569999998006,6.456428000000415,2452.05290675,2460.922456,8.869549249999636
22299,22356,95317,1773519338,5476296,2H,52,53,00:52:53.803,3368.803493,touch,"carry, touch_in_box",92,72,3162,Lazio,4-3-3,3185,Torino,3-4-1-2,567230,N. Rovella,DMF,,,,,,,,,,,,,,,,,,,,,,,,,,,,,,,,,,,0,0,,,,,-8.78,94.0,87.0,1773519308.0,35.871223,"['set_piece_attack', 'attack', 'free_kick']",27.0,6.0,64.0,25.0,87.0,42.0,3162.0,Lazio,4-3-3,False,False,False,right,0.0,0,0,0,0,0,0,1,0,0,0,0,0,0,0,0,0,0,0,0,0,0,0,0,0,0,0,0,1,0,0,0,0,0,0,0,0,0,0,0,0,0,0,0,0,0,0,0,0,0,0,0,0,0,0,0,0,0,0,0,0,0,,,,,,,,,,,,,,,3366.08485,3370.08127,duel,pass,3363.405406,3371.338013,2.7186429999997017,1.277777000000242,3365.40518925,3370.4007142500004,4.995525000000271
617,617,297968,1881962063,5476416,2H,82,35,01:22:35.724,5020.72403,pass,"cross, lateral_pass, loss, pass_to_penalty_area",95,84,3315,Sassuolo,4-2-3-1,3157,Milan,4-1-4-1,669931,C. Volpato,AMF,False,-93.0,18.0,344132.0,T. Hernández,LCB,94.0,57.0,,,,,,,,,,,,,,,,,,,,,,,,,,,0,0,,,,,,,,1881962053.0,24.9681535,"['attack', 'throw_in']",14.0,13.0,65.0,0.0,94.0,57.0,3315.0,Sassuolo,4-2-3-1,False,False,False,right,0.0,0,0,1,0,0,0,0,0,0,0,0,0,0,0,1,0,0,0,0,0,0,0,0,0,0,0,0,0,0,0,0,0,1,0,1,0,0,0,0,0,0,0,0,0,0,0,0,0,0,0,0,0,0,0,0,0,0,0,0,0,0,1.0,0.0,0.0,0.0,1.0,,,,,,,,,,5019.062738,5021.813659,interception,duel,5017.002612,5028.324055,1.6612920000006852,1.089629000000059,5018.647415,5022.08606625,3.438651250000476
9542,9557,32025,1737695711,5476258,2H,84,49,01:24:49.149,5299.149064,interception,"head_pass, loss",2,55,3163,Udinese,3-5-2,3192,Salernitana,4-2-3-1,494337,N. Pérez,RCB3,,,,,,,,,,,,,,,,,,,,,,,,,,,,,,,,,,,0,0,,,,,,,,1737694630.0,21.0256435,"['corner', 'set_piece_attack', 'attack']",13.0,5.0,100.0,100.0,95.0,71.0,3192.0,Salernitana,4-2-3-1,True,True,False,right,0.1058,0,0,0,0,0,0,0,0,0,0,1,0,0,0,1,0,0,0,0,0,0,0,0,0,0,0,0,0,0,0,0,0,0,0,0,0,0,0,0,0,0,0,0,0,0,0,0,0,0,0,0,0,0,0,0,0,0,0,0,0,0,,,,,,,,,,,,,,,5296.930785,5301.121416,touch,pass,5294.824193,5303.063712,2.2182790000006207,1.9723519999997727,5296.376215249999,5301.614504,5.23828875000072
15791,15831,424675,2106034878,5476492,1H,7,14,00:07:14.794,435.794858,pass,"lateral_pass, short_or_medium_pass",58,75,3176,Fiorentina,4-2-3-1,3162,Lazio,4-1-4-1,700018,M. Kayode,RB,True,-75.0,28.0,255256.0,Arthur,RDMF,65.0,35.0,,,,,,,,,,,,,,,,,,,,,,,,,,,0,0,,,,,,,,2106034865.0,90.4605365,"['attack', 'transition_medium']",40.0,7.0,36.0,93.0,97.0,55.0,3176.0,Fiorentina,4-2-3-1,False,False,False,left,0.0,0,1,1,0,0,0,0,0,0,0,0,0,0,0,0,0,0,0,0,0,0,0,0,0,0,0,0,0,0,0,0,0,0,0,0,0,0,0,0,0,0,0,0,0,0,0,0,0,0,0,0,0,0,0,0,0,0,0,0,0,0,,,,1.0,0.0,1.0,,,,,,,,,433.927491,438.848413,pass,pass,426.71812,441.68157,1.8673670000000016,3.053555000000017,433.46064925,439.61180175,6.151152500000023
10370,10389,180182,1830178831,5476346,2H,62,15,01:02:15.154,3869.154137,interception,"head_pass, loss",12,34,3158,Roma,3-5-2,3168,Lecce,4-3-3,20404,B. Cristante,DMF,,,,,,,,,,,,,,,,,,,,,,,,,,,,,,,,,,,0,0,,,,,,,,1830178980.0,16.5435625,"['set_piece_attack', 'attack', 'free_kick', 'free_kick_cross']",9.0,1.0,64.0,12.0,93.0,50.0,3168.0,Lecce,4-3-3,False,False,False,left,0.0,0,0,0,0,0,0,0,0,0,0,1,0,0,0,1,0,0,0,0,0,0,0,0,0,0,0,0,0,0,0,0,0,0,0,0,0,0,0,0,0,0,0,0,0,0,0,0,0,0,0,0,0,0,0,0,0,0,0,0,0,0,,,,,,,,,,,,,,,3867.206819,3875.682714,pass,free_kick,3788.354816,3876.511806,1.947317999999996,6.528577000000041,3866.7199895,3876.511806,9.791816500000095
19122,19172,191634,1852520112,5476353,2H,48,49,00:48:49.654,2954.654783,shot,opportunity,80,36,3159,Juventus,3-5-2,3173,Cagliari,4-2-3-1,447804,F. Chiesa,SS,,,,,,,,,right_foot,0.0,0.0,otr,0.06374,,,,,,,,,,,,,,,,,,,,,,0,0,,,,,,,,1852520105.0,11.839358,"['set_piece_attack', 'attack', 'free_kick']",7.0,6.0,47.0,8.0,80.0,36.0,3159.0,Juventus,3-5-2,True,False,False,left,0.0637,0,0,0,0,0,0,0,0,0,1,0,0,0,0,0,0,0,0,0,0,0,0,0,0,0,0,0,0,0,0,0,0,0,0,0,0,0,0,0,0,0,0,0,0,0,0,0,0,0,0,0,0,0,0,0,0,0,0,0,0,0,,,,,,,0.0,1.0,0.0,1.0,1.0,0.0,0.0,,2952.983991,2957.287714,game_interruption,interception,2951.76753,2978.178954,1.670791999999892,2.6329310000000987,2952.566293,2957.94594675,5.379653750000216
4496,4501,219673,1863755633,5476369,2H,73,30,01:13:30.390,4434.390706,duel,aerial_duel,66,40,3168,Lecce,4-3-3,3194,Hellas Verona,4-2-3-1,499876,R. Piccoli,CF,,,,,,,,,,,,,,,,,,,,,,,,,,,,491083.0,M. Folorunsho,RDMF,185.0,True,190.0,1863756933.0,0,0,,,,,,,,1863755629.0,14.985919,"['set_piece_attack', 'attack', 'free_kick']",9.0,3.0,44.0,10.0,83.0,54.0,3168.0,Lecce,4-3-3,True,False,False,right,0.0154,0,0,0,0,0,0,0,0,0,0,0,0,0,0,0,0,0,0,0,0,0,0,0,1,0,0,0,0,0,0,0,0,0,0,0,0,0,0,0,0,0,0,0,0,0,0,0,0,0,0,0,0,0,0,0,0,0,0,0,0,0,,,,,,,,,,,,,,,,,,,,,,,,,
22277,22334,39935,1747541635,5476263,1H,31,33,00:31:33.879,1894.879737,touch,"progressive_run, carry",69,86,3161,Internazionale,3-5-2,3176,Fiorentina,4-2-3-1,372255,L. Martínez,SS,,,,,,,,,,,,,,,,,,,,,,,,,,,,,,,,,,,0,0,,,,,10.9,87.0,89.0,1747541622.0,16.338834,['attack'],9.0,5.0,14.0,41.0,87.0,87.0,3161.0,Internazionale,3-5-2,False,False,False,center,0.0,0,0,0,0,0,0,1,0,0,0,0,0,0,0,0,0,0,0,0,0,0,0,0,0,0,0,0,0,0,0,1,0,0,0,0,0,0,0,0,0,0,0,0,0,0,0,0,0,0,0,0,0,0,0,0,0,0,0,0,0,0,,,,,,,,,,,,,,,1891.766903,1899.379319,duel,pass,1889.562106,1900.986846,3.1128340000000208,4.499581999999919,1890.9886945,1900.5042145,9.515519999999924
10650,10669,94770,1773518649,5476296,1H,23,16,00:23:16.980,1397.980257,interception,recovery,31,16,3162,Lazio,4-3-3,3185,Torino,3-4-1-2,567230,N. Rovella,DMF,,,,,,,,,,,,,,,,,,,,,,,,,,,,,,,,,,,0,0,,,,,,,,1773518649.0,79.1738235,"['attack', 'transition_low']",31.0,0.0,31.0,16.0,77.0,66.0,3162.0,Lazio,4-3-3,False,False,False,left,0.0,0,0,0,0,0,0,0,0,0,0,0,1,0,0,0,0,0,0,0,0,0,0,0,0,0,0,0,0,0,0,0,0,0,0,0,0,0,0,0,0,0,0,0,0,0,0,0,0,0,0,0,0,0,0,0,0,0,0,0,0,0,,,,,,,,,,,,,,,1397.107511,1400.595543,duel,pass,1396.816177,1401.709998,0.8727460000000065,2.615285999999969,1396.8893245,1401.2493645,4.360040000000026
1401,1402,183955,1829418901,5476348,2H,80,16,01:20:16.973,5080.973197,pass,"cross, lateral_pass, loss, touch_in_box",97,33,3185,Torino,3-4-1-2,3315,Sassuolo,4-1-4-1,86243,D. Zapata,CF,False,90.0,15.0,487006.0,M. Viña,LB,97.0,55.0,,,,,,,,,,,,,,,,,,,,,,,,,,,0,0,,,,,,,,1829418895.0,37.1630935,"['counterattack', 'attack']",18.0,5.0,63.0,3.0,82.0,55.0,3185.0,Torino,3-4-1-2,True,True,False,left,0.3103,0,0,1,0,0,0,0,0,0,0,0,0,0,0,1,0,0,0,0,0,0,0,0,0,0,0,0,1,0,0,0,0,1,0,0,0,0,0,0,0,0,0,0,0,0,0,0,0,0,0,0,0,0,0,0,0,0,0,0,0,0,0.0,1.0,0.0,0.0,1.0,,,,,,,,,,5079.825283,5082.305759,interception,duel,5073.430576,5087.385696,1.147914000000128,1.332561999999598,5079.5383045,5082.6388995,3.1005949999998847
15353,15390,396273,2090597887,5476475,1H,18,15,00:18:15.638,1096.638621,pass,"back_pass, linkup_play, short_or_medium_pass",44,6,3187,Napoli,5-3-2,3157,Milan,4-2-3-1,475724,K. Kvaratskhelia,SS,True,140.0,16.0,20518.0,Juan Jesus,LCB3,32.0,21.0,,,,,,,,,,,,,,,,,,,,,,,,,,,0,0,,,,,,,,2090597875.0,83.611162,"['attack', 'transition_low']",33.0,8.0,11.0,84.0,79.0,19.0,3187.0,Napoli,5-3-2,False,False,False,left,0.0,1,1,0,0,0,0,0,0,0,0,0,0,0,0,0,0,0,0,1,0,0,0,0,0,0,0,0,0,0,0,0,0,0,0,0,0,0,0,0,0,0,0,0,0,0,0,0,0,0,0,0,0,0,0,0,0,0,0,0,0,0,,,,1.0,0.0,1.0,,,,,,,,,1091.349979,1098.892467,pass,pass,1084.819663,1101.390569,5.288641999999982,2.2538459999998395,1090.0278185000002,1099.4559284999998,9.428109999999606
1586,1587,114167,1789813712,5476307,2H,49,47,00:49:47.616,3072.616598,pass,"cross, lateral_pass, loss, touch_in_box",92,25,3236,Monza,3-4-3,3315,Sassuolo,4-2-3-1,272673,G. Kyriakopoulos,LWB,False,78.0,14.0,487006.0,M. Viña,LB,95.0,45.0,,,,,,,,,,,,,,,,,,,,,,,,,,,0,0,,,,,,,,1789813688.0,129.9008395,"['attack', 'transition_low']",56.0,17.0,19.0,25.0,93.0,60.0,3236.0,Monza,3-4-3,False,False,False,right,0.0,0,0,1,0,0,0,0,0,0,0,0,0,0,0,1,0,0,0,0,0,0,0,0,0,0,0,0,1,0,0,0,0,1,0,0,0,0,0,0,0,0,0,0,0,0,0,0,0,0,0,0,0,0,0,0,0,0,0,0,0,0,1.0,0.0,0.0,0.0,1.0,,,,,,,,,,3071.863278,3073.603425,interception,pass,3070.095022,3078.002502,0.753320000000258,0.986826999999721,3071.674948,3073.8501317499995,2.1751837499996327
12254,12279,433035,2102877239,5476497,1H,0,56,00:00:56.808,57.808811,pass,"forward_pass, short_or_medium_pass",18,6,3185,Torino,3-4-2-1,3158,Roma,3-5-2,208652,V. Lazaro,LWB,True,-9.0,13.0,86243.0,D. Zapata,AMF,30.0,3.0,,,,,,,,,,,,,,,,,,,,,,,,,,,0,0,,,,,,,,2102876873.0,13.5875005,['throw_in'],5.0,3.0,21.0,100.0,27.0,20.0,3185.0,Torino,3-4-2-1,,,,,,0,1,0,1,0,0,0,0,0,0,0,0,0,0,0,0,0,0,0,0,0,0,0,0,0,0,0,0,0,0,0,0,0,0,0,0,0,0,0,0,0,0,0,0,0,0,0,0,0,0,0,0,0,0,0,0,0,0,0,0,0,,,,1.0,0.0,1.0,,,,,,,,,52.45142,59.763142,pass,pass,50.155027,60.686713,5.357391,1.954331000000004,51.11207225,60.25172475,9.139652500000004
9333,9348,53694,1758802374,5476271,2H,77,23,01:17:23.453,4907.453881,interception,"loss, recovery, counterpressing_recovery",56,95,3176,Fiorentina,4-2-3-1,3172,Atalanta,3-5-2,21842,C. Biraghi,RB,,,,,,,,,,,,,,,,,,,,,,,,,,,,,,,,,,,0,0,,,,,,,,1758801808.0,13.209067,"['set_piece_attack', 'free_kick']",11.0,6.0,45.0,10.0,55.0,29.0,3172.0,Atalanta,3-5-2,,,,,,0,0,0,0,0,0,0,0,0,0,0,1,0,0,1,0,0,0,0,0,0,0,0,0,1,0,0,0,0,0,0,0,0,0,0,0,0,0,0,0,0,0,0,0,0,0,0,0,0,0,0,0,0,0,0,0,0,0,0,0,0,,,,,,,,,,,,,,,4906.993707,4908.676357,pass,pass,4906.092233,4910.637535,0.4601740000007339,1.222475999999915,4906.8786635,4908.981976,2.1033125000003565
9402,9417,196781,1840065916,5476356,2H,49,10,00:49:10.510,3022.510253,interception,"forward_pass, loss, pass, pass_to_final_third, short_or_medium_pass",62,65,3185,Torino,3-5-2,3236,Monza,3-4-2-1,28230,A. Tamèze,RCB3,False,36.0,17.0,583587.0,A. Carboni,LCB3,75.0,79.0,,,,,,,,,,,,,,,,,,,,,,,,,,,0,0,,,,,,,,1840064673.0,34.0652945,"['set_piece_attack', 'free_kick']",14.0,8.0,0.0,59.0,43.0,0.0,3236.0,Monza,3-4-2-1,,,,,,0,1,0,1,0,0,0,0,1,0,0,0,0,0,1,0,0,0,0,0,0,0,0,0,0,1,0,0,0,0,0,0,0,0,0,0,0,0,0,0,0,0,0,0,0,0,0,0,0,0,0,0,0,0,0,0,0,0,0,0,0,,,,,,,,,,,,,,,3020.852904,3025.442869,touch,pass,3019.208612,3027.91391,1.6573490000000677,2.9326160000000527,3020.43856675,3026.176023,5.737456249999923
19873,19923,147648,1822447396,5476327,2H,58,55,00:58:55.639,3603.639565,shot,"goal, opportunity, touch_in_box",89,55,3161,Internazionale,3-5-2,3185,Torino,4-2-3-1,301017,M. Thuram,SS,,,,,,,,,right_foot,1.0,1.0,glb,0.233,0.6617,1822446947.0,"{'id': 283062, 'name': 'V. Milinković-Savić'}",,,,,,,,,,,,,,,,,,,0,0,,,,,,,,1822447373.0,41.23347,"['set_piece_attack', 'attack', 'free_kick']",18.0,17.0,38.0,27.0,89.0,55.0,3161.0,Internazionale,3-5-2,True,True,True,center,0.233,0,0,0,0,0,0,0,0,0,1,0,0,0,0,0,0,0,0,0,0,0,0,0,0,0,0,0,1,0,0,0,0,0,0,0,0,0,0,0,1,0,0,0,0,0,0,0,0,0,0,0,0,0,0,0,0,0,0,0,0,0,,,,,,,1.0,0.0,1.0,0.0,1.0,0.0,0.0,,3603.227375,3606.924407,shot_against,pass,3599.875882,3609.561136,0.4121900000000096,3.284842000000026,3603.1243275,3607.7456175,4.6212900000000445
17379,17426,348384,2135529826,5476447,1H,6,7,00:06:07.596,368.596546,pass,"forward_pass, short_or_medium_pass",45,5,3315,Sassuolo,4-1-4-1,3187,Napoli,4-3-3,660734,J. Doig,LB,True,-6.0,9.0,437238.0,A. Laurienté,LW,53.0,3.0,,,,,,,,,,,,,,,,,,,,,,,,,,,0,0,,,,,,,,2135529824.0,12.54661,['transition_low'],3.0,1.0,9.0,58.0,53.0,3.0,3315.0,Sassuolo,4-1-4-1,,,,,,0,1,0,1,0,0,0,0,0,0,0,0,0,0,0,0,0,0,0,0,0,0,0,0,0,0,0,0,0,0,0,0,0,0,0,0,0,0,0,0,0,0,0,0,0,0,0,0,0,0,0,0,0,0,0,0,0,0,0,0,0,,,,1.0,0.0,1.0,,,,,,,,,357.199024,369.745634,duel,touch,354.833433,369.745634,11.39752199999998,1.149088000000006,354.833433,369.745634,14.912200999999982
9528,9543,241464,1868919012,5476382,2H,77,19,01:17:19.014,4812.014048,interception,recovery,6,49,3168,Lecce,4-2-3-1,3178,Empoli,4-3-3,226222,W. Falcone,GK,,,,,,,,,,,,,,,,,,,,,,,,,,,,,,,,,,,0,0,,,,,,,,1868918870.0,16.983397,"['set_piece_attack', 'attack', 'free_kick']",8.0,7.0,0.0,41.0,94.0,51.0,3178.0,Empoli,4-3-3,False,False,False,left,0.0,0,0,0,0,0,0,0,0,0,0,0,1,0,0,0,0,0,0,0,0,0,0,0,0,0,0,0,0,0,0,0,0,0,0,0,0,0,0,0,0,0,0,0,0,0,0,0,0,0,0,0,0,0,0,0,0,0,0,0,0,0,,,,,,,,,,,,,,,4810.356686,4816.061248,duel,pass,4805.824979,4817.270552,1.657361999999921,4.047199999999975,4809.9423455,4817.073048,7.130702500000552
12912,12938,371987,2045814247,5476460,2H,85,45,01:25:45.418,5237.418571,pass,"forward_pass, long_pass, pass_to_final_third, progressive_pass",49,83,3162,Lazio,4-3-3,3172,Atalanta,3-4-1-2,428012,M. Guendouzi,RCMF3,True,5.0,33.0,228928.0,A. Marušić,RB,80.0,87.0,,,,,,,,,,,,,,,,,,,,,,,,,,,0,0,,,,,,,,2045814243.0,10.466037,['transition_medium'],6.0,3.0,39.0,45.0,80.0,87.0,3162.0,Lazio,4-3-3,,,,,,0,0,0,1,1,0,0,1,1,0,0,0,0,0,0,0,0,0,0,0,0,0,0,0,0,0,0,0,0,0,0,0,0,0,0,0,0,0,0,0,0,0,0,0,0,0,0,0,0,0,0,0,0,0,0,0,0,0,0,0,0,,,,1.0,0.0,1.0,,,,,,,,,5234.541896,5239.440665,duel,pass,5231.323503,5239.440665,2.876675000000432,2.022093999999925,5233.82272725,5239.440665,5.617937750000237
22488,22546,237195,1865226937,5476380,1H,17,24,00:17:24.521,1045.521854,touch,carry,82,19,3157,Milan,3-4-2-1,3172,Atalanta,3-4-1-2,391530,C. Pulišić,AMF,,,,,,,,,,,,,,,,,,,,,,,,,,,,,,,,,,,0,0,,,,,-2.591,72.0,36.0,1865226919.0,45.667764,['attack'],23.0,8.0,66.0,77.0,80.0,100.0,3157.0,Milan,3-4-2-1,False,False,False,right,0.0,0,0,0,0,0,0,1,0,0,0,0,0,0,0,0,0,0,0,0,0,0,0,0,0,0,0,0,0,0,0,0,0,0,0,0,0,0,0,0,0,0,0,0,0,0,0,0,0,0,0,0,0,0,0,0,0,0,0,0,0,0,,,,,,,,,,,,,,,1043.717781,1049.692054,duel,pass,1041.663061,1050.167195,1.8040730000000167,4.170200000000023,1043.26676275,1050.167195,6.900432249999994
25187,25247,80135,1767072211,5476287,2H,64,43,01:04:43.417,4068.417932,touch,carry,83,35,3159,Juventus,3-5-2,3315,Sassuolo,4-2-3-1,418950,D. Vlahović,SS,,,,,,,,,,,,,,,,,,,,,,,,,,,,,,,,,,,0,0,,,,,6.833,90.0,37.0,1767072197.0,13.2717285,"['counterattack', 'attack']",9.0,7.0,30.0,25.0,90.0,37.0,3159.0,Juventus,3-5-2,True,False,False,right,0.1549,0,0,0,0,0,0,1,0,0,0,0,0,0,0,0,0,0,0,0,0,0,0,0,0,0,0,0,0,0,0,0,0,0,0,0,0,0,0,0,0,0,0,0,0,0,0,0,0,0,0,0,0,0,0,0,0,0,0,0,0,0,,,,,,,,,,,,,,,4067.560757,4069.859417,shot,pass,4065.248162,4072.141734,0.8571749999996428,1.4414850000002843,4067.34646325,4070.21978825,2.8733250000000226
23707,23765,115443,1781663376,5476308,1H,33,5,00:33:05.641,1986.641145,touch,"progressive_run, carry",62,29,3194,Hellas Verona,3-4-2-1,3185,Torino,3-4-2-1,127534,D. Lazović,LWB,,,,,,,,,,,,,,,,,,,,,,,,,,,,,,,,,,,0,0,,,,,10.85,71.0,38.0,1781663373.0,10.905705,['throw_in'],5.0,3.0,59.0,100.0,79.0,48.0,3194.0,Hellas Verona,3-4-2-1,,,,,,0,0,0,0,0,0,1,0,0,0,0,0,0,0,0,0,0,0,0,0,0,0,0,0,0,0,0,0,0,0,1,0,0,0,0,0,0,0,0,0,0,0,0,0,0,0,0,0,0,0,0,0,0,0,0,0,0,0,0,0,0,,,,,,,,,,,,,,,1982.517899,1988.902379,pass,interception,1981.637177,1993.122977,4.123246000000108,2.2612340000000586,1981.637177,1989.4676875,7.830510499999946
8221,8233,370811,2045815046,5476460,1H,27,10,00:27:10.196,1631.19618,duel,"defensive_duel, ground_duel",62,37,3162,Lazio,4-3-3,3172,Atalanta,3-4-1-2,40806,Felipe Anderson,LWF,,,,,,,,,,,,,,,,,498456.0,Éderson,RCMF,defensive_duel,,,True,False,False,left,2045813875.0,,,,,,,,0,0,,,,,,,,2045813870.0,5.720541,['transition_medium'],7.0,5.0,35.0,51.0,39.0,60.0,3172.0,Atalanta,3-4-1-2,,,,,,0,0,0,0,0,0,0,0,0,0,0,0,0,0,0,0,0,1,0,0,1,0,0,0,0,0,0,0,0,0,0,0,0,0,0,0,0,0,0,0,0,0,0,0,0,0,0,0,0,0,0,0,0,0,0,0,0,0,0,0,0,,,,,,,,,,,,,,,1631.065857,1633.275182,pass,duel,1629.440056,1633.930966,0.130322999999862,2.079002000000173,1631.0332762500002,1633.7949325000002,2.761656249999988
6779,6787,416768,2091338107,5476487,1H,25,42,00:25:42.392,1543.392917,duel,"defensive_duel, dribbled_past_attempt, ground_duel",23,71,3168,Lecce,4-3-3,3185,Torino,3-4-1-2,615072,V. Gendrey,RB,,,,,,,,,,,,,,,,,481266.0,I. Ilić,LCMF,defensive_duel,,,False,False,True,left,2091338716.0,,,,,,,,0,0,,,,,,,,2091338680.0,66.765542,"['attack', 'transition_medium']",23.0,18.0,35.0,51.0,89.0,22.0,3185.0,Torino,3-4-1-2,False,False,False,left,0.0,0,0,0,0,0,0,0,0,0,0,0,0,0,0,0,0,0,1,0,0,1,0,0,0,0,0,0,0,0,0,0,0,0,0,0,0,0,0,0,0,0,1,0,0,0,0,0,0,0,0,0,0,0,0,0,0,0,0,0,0,0,,,,,,,,,,,,,,,1539.304559,1543.895115,pass,pass,1538.313884,1544.538629,4.088357999999971,0.5021980000001349,1538.313884,1544.0206645,5.70678050000015
6985,6994,301779,1918283209,5476419,1H,28,10,00:28:10.776,1691.776819,duel,aerial_duel,14,35,3194,Hellas Verona,4-2-3-1,3192,Salernitana,4-1-4-1,0,,,,,,,,,,,,,,,,,,,,,,,,,,,,,,104937.0,N. Gyömbér,LCB,189.0,False,,1918281685.0,0,0,,,,,,,,1918281683.0,2.2297695,"['corner', 'set_piece_attack', 'attack']",6.0,2.0,100.0,0.0,87.0,70.0,3192.0,Salernitana,4-1-4-1,True,False,False,center,0.0095,0,0,0,0,0,0,0,0,0,0,0,0,0,0,0,0,0,0,0,0,0,0,0,1,0,0,0,0,0,0,0,0,0,0,0,0,0,0,0,0,0,0,0,0,0,0,0,0,0,0,0,0,0,0,0,0,0,0,0,0,0,,,,,,,,,,,,,,,1689.957239,1691.794171,duel,corner,1663.750769,1692.328334,1.81957999999986,0.0173520000000735,1689.502344,1691.798509,2.2961649999999736
11466,11491,411201,2105261261,5476484,1H,7,16,00:07:16.075,437.075133,interception,"head_pass, loss",6,56,3166,Bologna,4-1-4-1,3162,Lazio,4-3-3,523944,S. Beukema,RCB,,,,,,,,,,,,,,,,,,,,,,,,,,,,,,,,,,,0,0,,,,,,,,2105261062.0,36.367989,"['attack', 'transition_high']",19.0,5.0,82.0,36.0,79.0,67.0,3162.0,Lazio,4-3-3,False,False,False,right,0.0,0,0,0,0,0,0,0,0,0,0,1,0,0,0,1,0,0,0,0,0,0,0,0,0,0,0,0,0,0,0,0,0,0,0,0,0,0,0,0,0,0,0,0,0,0,0,0,0,0,0,0,0,0,0,0,0,0,0,0,0,0,,,,,,,,,,,,,,,436.031771,440.881329,pass,pass,434.823897,443.501117,1.043362000000002,3.806196,435.7709305,441.832878,6.061947500000031
19244,19294,143491,1810297403,5476325,1H,13,3,00:13:03.069,784.069832,shot,"opportunity, shot_after_corner, touch_in_box",88,64,3192,Salernitana,4-3-3,3173,Cagliari,4-3-1-2,515713,B. Dia,CF,,,,,,,,,left_foot,0.0,0.0,bc,0.07052,,,,,,,,,,,,,,,,,,,,,,0,0,,,,,,,,1810297393.0,4.3411005,"['corner', 'set_piece_attack', 'attack']",4.0,3.0,100.0,100.0,88.0,64.0,3192.0,Salernitana,4-3-3,True,False,False,center,0.0705,0,0,0,0,0,0,0,0,0,1,0,0,0,0,0,0,0,0,0,0,0,0,0,0,0,0,0,1,0,0,0,0,0,0,0,0,0,0,0,0,0,0,0,0,0,0,0,1,0,0,0,0,0,0,0,0,0,0,0,0,0,,,,,,,0.0,1.0,0.0,1.0,0.0,1.0,0.0,,782.339699,784.697431,interception,pass,780.588189,787.526098,1.7301330000000237,0.627599000000032,781.90716575,784.85433075,2.947165000000041
10053,10071,357263,2010515797,5476452,1H,30,49,00:30:49.478,1850.478976,interception,"head_pass, loss",12,55,3161,Internazionale,3-5-2,3176,Fiorentina,4-2-3-1,130,S. de Vrij,CB,,,,,,,,,,,,,,,,,,,,,,,,,,,,,,,,,,,0,0,,,,,,,,2010515440.0,15.001615,"['attack', 'transition_medium']",8.0,5.0,65.0,14.0,85.0,50.0,3176.0,Fiorentina,4-2-3-1,False,False,False,left,0.0,0,0,0,0,0,0,0,0,0,0,1,0,0,0,1,0,0,0,0,0,0,0,0,0,0,0,0,0,0,0,0,0,0,0,0,0,0,0,0,0,0,0,0,0,0,0,0,0,0,0,0,0,0,0,0,0,0,0,0,0,0,,,,,,,,,,,,,,,1849.452335,1851.61076,interception,pass,1847.702962,1852.505691,1.0266410000001542,1.131783999999925,1849.19567475,1851.893706,2.698031250000213
26216,26278,412661,2105262355,5476484,2H,85,11,01:25:11.890,5344.890815,touch,"progressive_run, carry",38,68,3162,Lazio,4-3-3,3166,Bologna,4-1-4-1,485151,N. Casale,RCB,,,,,,,,,,,,,,,,,,,,,,,,,,,,,,,,,,,0,0,,,,,15.68,52.0,56.0,2105262345.0,49.6318015,"['set_piece_attack', 'attack', 'free_kick']",26.0,11.0,52.0,68.0,100.0,43.0,3162.0,Lazio,4-3-3,False,False,False,left,0.0,0,0,0,0,0,0,1,0,0,0,0,0,0,0,0,0,0,0,0,0,0,0,0,0,0,0,0,0,0,0,1,0,0,0,0,0,0,0,0,0,0,0,0,0,0,0,0,0,0,0,0,0,0,0,0,0,0,0,0,0,0,,,,,,,,,,,,,,,5342.982233,5347.526236,pass,pass,5341.560774,5349.094431,1.908582000000024,2.635420999999951,5342.5050875,5348.18509125,5.680003749999742
23836,23894,221932,1863569847,5476371,1H,9,56,00:09:56.997,597.997174,touch,"loss, touch_in_box",89,48,3178,Empoli,4-3-3,3193,Genoa,3-5-2,509361,N. Cambiaghi,RWF,,,,,,,,,,,,,,,,,,,,,,,,,,,,,,,,,,,0,0,,,,,,,,1863569820.0,22.148559,"['attack', 'transition_medium']",10.0,9.0,55.0,78.0,84.0,58.0,3178.0,Empoli,4-3-3,False,False,False,left,0.0,0,0,0,0,0,0,0,0,0,0,0,0,0,0,1,0,0,0,0,0,0,0,0,0,0,0,0,1,0,0,0,0,0,0,0,0,0,0,0,0,0,0,0,0,0,0,0,0,0,0,0,0,0,0,0,0,0,0,0,0,0,,,,,,,,,,,,,,,596.99185,599.124,interception,pass,591.76181,600.935432,1.0053239999999732,1.126826000000051,596.740519,599.4057065000001,2.6651875000001155
1484,1485,230109,1860161383,5476375,2H,84,54,01:24:54.837,5240.837009,pass,"cross, deep_completed_cross, lateral_pass, pass_to_penalty_area, progressive_pass",79,79,3236,Monza,4-2-3-1,3159,Juventus,5-3-2,345740,Pedro Pereira,RB,True,-51.0,18.0,20704.0,L. Caldirola,LCB,90.0,58.0,,,,,,,,,,,,,,,,,,,,,,,,,,,0,0,,,,,,,,1860161379.0,12.0571275,"['set_piece_attack', 'attack', 'free_kick']",8.0,4.0,68.0,34.0,80.0,50.0,3236.0,Monza,4-2-3-1,False,False,False,right,0.0,0,0,1,0,1,0,0,0,0,0,0,0,0,0,0,0,0,0,0,0,0,0,0,0,0,0,0,0,0,0,0,0,1,1,1,0,0,0,0,0,0,0,0,0,0,0,0,0,0,0,0,0,0,0,0,0,0,0,0,0,0,1.0,0.0,0.0,1.0,0.0,,,,,,,,,,5238.250491,5241.734302,duel,pass,5236.099856,5243.54835,2.586518000000069,0.8972929999999906,5237.6038615,5241.958625249999,4.35476374999962
9780,9796,190832,1852520208,5476353,1H,2,32,00:02:32.858,153.858833,interception,,3,20,3173,Cagliari,4-2-3-1,3159,Juventus,3-5-2,222964,T. Augello,LB,,,,,,,,,,,,,,,,,,,,,,,,,,,,,,,,,,,0,0,,,,,,,,1852520885.0,8.546455,"['attack', 'throw_in']",7.0,6.0,76.0,100.0,97.0,80.0,3159.0,Juventus,3-5-2,False,False,False,right,0.0,0,0,0,0,0,0,0,0,0,0,0,0,0,0,0,0,0,0,0,0,0,0,0,0,0,0,0,0,0,0,0,0,0,0,0,0,0,0,0,0,0,0,0,0,0,0,0,0,0,0,0,0,0,0,0,0,0,0,0,0,0,,,,,,,,,,,,,,,152.756147,157.082824,game_interruption,pass,152.294763,182.466872,1.1026860000000056,3.223990999999984,152.4804755,157.88882174999998,5.4083462499999655
6054,6061,97246,1867211304,5476297,2H,59,39,00:59:39.153,3768.153263,duel,"defensive_duel, ground_duel",14,14,3236,Monza,3-4-2-1,3166,Bologna,4-3-3,241676,R. Gagliardini,LCMF,,,,,,,,,,,,,,,,,0.0,,,defensive_duel,,,True,False,False,,1867215112.0,,,,,,,,0,0,,,,,,,,1867211496.0,9.315412,"['attack', 'throw_in']",7.0,1.0,83.0,100.0,55.0,95.0,3166.0,Bologna,4-3-3,False,False,False,right,0.0,0,0,0,0,0,0,0,0,0,0,0,0,0,0,0,0,0,1,0,0,1,0,0,0,0,0,0,0,0,0,0,0,0,0,0,0,0,0,0,0,0,0,0,0,0,0,0,0,0,0,0,0,0,0,0,0,0,0,0,0,0,,,,,,,,,,,,,,,3766.059035,3768.33243,pass,throw_in,3757.793149,3770.811514,2.09422799999993,0.1791669999997793,3765.535478,3768.37722175,2.8417437499997504
15191,15227,66113,1760588413,5476279,1H,30,30,00:30:30.730,1831.73055,pass,"lateral_pass, linkup_play, pass_to_final_third, progressive_pass, short_or_medium_pass",59,60,3194,Hellas Verona,3-4-2-1,3166,Bologna,4-3-3,239298,F. Bonazzoli,CF,True,-52.0,22.0,453270.0,M. Hongla,LCMF,72.0,34.0,,,,,,,,,,,,,,,,,,,,,,,,,,,0,0,,,,,,,,1760588400.0,22.635652,"['set_piece_attack', 'attack', 'free_kick']",12.0,8.0,51.0,39.0,73.0,41.0,3194.0,Hellas Verona,3-4-2-1,False,False,False,center,0.0,0,1,1,0,1,0,0,0,1,0,0,0,0,0,0,0,0,0,1,0,0,0,0,0,0,0,0,0,0,0,0,0,0,0,0,0,0,0,0,0,0,0,0,0,0,0,0,0,0,0,0,0,0,0,0,0,0,0,0,0,0,,,,1.0,0.0,1.0,,,,,,,,,1830.111132,1832.785066,duel,pass,1828.144006,1832.901897,1.619417999999996,1.0545159999999214,1829.7062775,1832.901897,3.1956195000000207
8280,8292,148726,1810759891,5476328,1H,32,19,00:32:19.349,1940.349323,duel,"loose_ball_duel, recovery",25,36,3163,Udinese,3-5-2,3168,Lecce,4-3-3,20593,R. Pereyra,LCMF3,,,,,,,,,,,,,,,,,,,,,,,,,,,,,,,,,,,0,0,,,,,,,,1810759891.0,10.943905,['transition_low'],9.0,0.0,25.0,36.0,40.0,27.0,3163.0,Udinese,3-5-2,,,,,,0,0,0,0,0,1,0,0,0,0,0,1,0,0,0,0,0,0,0,0,0,0,0,0,0,0,0,0,0,0,0,0,0,0,0,0,0,0,0,0,0,0,0,0,0,0,0,0,0,0,0,0,0,0,0,0,0,0,0,0,0,,,,,,,,,,,,,,,1940.349323,1943.151962,duel,duel,1939.982526,1943.677928,0.0,2.802638999999999,1940.349323,1943.677928,3.3286050000001524
10724,10743,121047,1793046223,5476311,2H,88,14,01:28:14.471,5437.471678,interception,recovery,47,56,3178,Empoli,4-3-2-1,3163,Udinese,3-5-2,300374,E. Gyasi,AMF,,,,,,,,,,,,,,,,,,,,,,,,,,,,,,,,,,,0,0,,,,,,,,1793046223.0,8.595065,['transition_medium'],4.0,0.0,47.0,56.0,79.0,75.0,3178.0,Empoli,4-3-2-1,,,,,,0,0,0,0,0,0,0,0,0,0,0,1,0,0,0,0,0,0,0,0,0,0,0,0,0,0,0,0,0,0,0,0,0,0,0,0,0,0,0,0,0,0,0,0,0,0,0,0,0,0,0,0,0,0,0,0,0,0,0,0,0,,,,,,,,,,,,,,,5436.77969,5440.875818,pass,pass,5434.616501,5442.879577,0.6919879999995828,3.4041400000005524,5436.606693000001,5441.726853,5.120159999999487
2307,2308,122638,1788471332,5476312,2H,89,32,01:29:32.103,5628.103037,pass,"cross, deep_completed_cross, lateral_pass, pass_to_penalty_area, progressive_pass",76,78,3194,Hellas Verona,3-4-1-2,3254,Frosinone,5-4-1,639489,F. Terracciano,RCB3,False,-56.0,45.0,0.0,,,100.0,24.0,,,,,,,,,,,,,,,,,,,,,,,,,,,0,0,,,,,,,,1788471311.0,38.3957315,['attack'],16.0,14.0,40.0,36.0,100.0,24.0,3194.0,Hellas Verona,3-4-1-2,False,False,False,right,0.0,0,0,1,0,1,0,0,0,0,0,0,0,0,0,0,0,0,0,0,0,0,0,0,0,0,0,0,0,0,0,0,0,1,1,1,0,0,0,0,0,0,0,0,0,0,0,0,0,0,0,0,0,0,0,0,0,0,0,0,0,0,1.0,0.0,0.0,0.0,1.0,,,,,,,,,,5625.020092,5632.906708,game_interruption,pass,5621.527608,5701.544477,3.082945000000109,4.803671000000577,5624.24935575,5634.107625750001,9.85827000000063
14415,14451,128860,1801326448,5476316,2H,47,55,00:47:55.801,3060.80153,pass,"forward_pass, short_or_medium_pass",13,19,3172,Atalanta,3-4-1-2,3162,Lazio,4-3-3,50007,B. Djimsiti,CB,True,-45.0,15.0,14869.0,S. Kolašinac,LCB3,23.0,4.0,,,,,,,,,,,,,,,,,,,,,,,,,,,0,0,,,,,,,,1801326435.0,75.762891,['attack'],44.0,9.0,34.0,23.0,92.0,64.0,3172.0,Atalanta,3-4-1-2,True,True,False,right,0.1363,0,1,0,1,0,0,0,0,0,0,0,0,0,0,0,0,0,0,0,0,0,0,0,0,0,0,0,0,0,0,0,0,0,0,0,0,0,0,0,0,0,0,0,0,0,0,0,0,0,0,0,0,0,0,0,0,0,0,0,0,0,,,,1.0,0.0,1.0,,,,,,,,,3059.388545,3062.142383,pass,touch,3058.751714,3063.029856,1.4129850000003898,1.3408529999996972,3059.03529875,3062.47759625,3.4422975000002225
16412,16456,90355,1781703749,5476293,2H,57,54,00:57:54.107,3881.107353,pass,"lateral_pass, short_or_medium_pass",57,93,3158,Roma,4-3-3,3193,Genoa,3-5-2,400352,R. Kristensen,RB,True,-131.0,18.0,20404.0,B. Cristante,RCB,46.0,72.0,,,,,,,,,,,,,,,,,,,,,,,,,,,0,0,,,,,,,,1781703737.0,55.370698,"['attack', 'transition_low']",23.0,8.0,18.0,93.0,84.0,97.0,3158.0,Roma,4-3-3,False,False,False,right,0.0,0,1,1,0,0,0,0,0,0,0,0,0,0,0,0,0,0,0,0,0,0,0,0,0,0,0,0,0,0,0,0,0,0,0,0,0,0,0,0,0,0,0,0,0,0,0,0,0,0,0,0,0,0,0,0,0,0,0,0,0,0,,,,1.0,0.0,1.0,,,,,,,,,3878.499625,3883.507076,pass,touch,3876.775012,3886.003308,2.607727999999952,2.3997229999999945,3877.847693,3884.10700675,6.259313750000274
17774,17821,48338,1744061198,5476268,2H,45,3,00:45:03.921,2955.921658,pass,"back_pass, short_or_medium_pass",49,50,3193,Genoa,4-3-2-1,3185,Torino,3-4-1-2,216568,A. Gudmundsson,AMF,True,157.0,8.0,114.0,K. Strootman,RCMF3,42.0,54.0,,,,,,,,,,,,,,,,,,,,,,,,,,,0,0,,,,,,,,1744061198.0,23.6202915,['attack'],11.0,0.0,49.0,50.0,74.0,14.0,3193.0,Genoa,4-3-2-1,False,False,False,left,0.0,1,1,0,0,0,0,0,0,0,0,0,0,0,0,0,0,0,0,0,0,0,0,0,0,0,0,0,0,0,0,0,0,0,0,0,0,0,0,0,0,0,0,0,0,0,0,0,0,0,0,0,0,0,0,0,0,0,0,0,0,0,,,,1.0,0.0,1.0,,,,,,,,,2944.044912,2958.291241,pass,touch,2942.337718,2960.118225,11.876746000000368,2.369582999999693,2942.337718,2958.88363675,16.5459187499996
1247,1248,81673,1773721988,5476288,2H,52,20,00:52:20.639,3209.639884,pass,"cross, deep_completed_cross, key_pass, lateral_pass, progressive_pass, shot_assist, touch_in_box",89,23,3158,Roma,3-4-2-1,3185,Torino,3-4-3,190167,L. Spinazzola,LWB,True,63.0,16.0,20418.0,S. El Shaarawy,AMF,95.0,44.0,,,,,,,,,,,,,,,,,,,,,,,,,,,0,0,,,,,,,,1773721982.0,17.115947,"['set_piece_attack', 'attack', 'free_kick']",10.0,8.0,0.0,49.0,95.0,44.0,3158.0,Roma,3-4-2-1,True,False,False,left,0.3933,0,0,1,0,1,0,0,0,0,0,0,0,0,0,0,0,0,0,0,0,0,0,0,0,0,0,0,1,0,0,0,0,1,1,0,0,0,1,1,0,0,0,0,0,0,0,0,0,0,0,0,0,0,0,0,0,0,0,0,0,0,0.0,1.0,0.0,1.0,0.0,,,,,,,,,,3209.311337,3210.382426,shot,duel,3203.927686,3211.432532,0.3285470000000714,0.7425419999999576,3209.22920025,3210.5680615,1.3388612500002637
26457,26519,383976,2095595830,5476467,2H,85,55,01:25:55.744,5339.744188,touch,"progressive_run, carry",67,90,3158,Roma,4-3-3,3173,Cagliari,3-4-1-2,289122,R. Karsdorp,RB,,,,,,,,,,,,,,,,,,,,,,,,,,,,,,,,,,,0,0,,,,,12.37,70.0,45.0,2095595825.0,23.6131205,"['set_piece_attack', 'free_kick']",8.0,5.0,38.0,76.0,87.0,37.0,3158.0,Roma,4-3-3,,,,,,0,0,0,0,0,0,1,0,0,0,0,0,0,0,0,0,0,0,0,0,0,0,0,0,0,0,0,0,0,0,1,0,0,0,0,0,0,0,0,0,0,0,0,0,0,0,0,0,0,0,0,0,0,0,0,0,0,0,0,0,0,,,,,,,,,,,,,,,5334.937143,5344.432034,pass,pass,5329.876182,5347.794863,4.807044999999562,4.687846000000718,5333.735381750001,5345.603995500001,11.868613749999897
7054,7063,96971,1867211025,5476297,1H,47,6,00:47:06.172,2827.172309,duel,aerial_duel,52,19,3166,Bologna,4-3-3,3236,Monza,3-4-2-1,542200,R. Calafiori,LCB,,,,,,,,,,,,,,,,,,,,,,,,,,,,422555.0,A. Colpani,AMF,184.0,True,188.0,1867211027.0,0,0,,,,,,,,1867212575.0,34.6254715,['transition_low'],19.0,15.0,1.0,30.0,74.0,28.0,3166.0,Bologna,4-3-3,,,,,,0,0,0,0,0,0,0,0,0,0,0,0,0,0,0,0,0,0,0,0,0,0,0,1,0,0,0,0,0,0,0,0,0,0,0,0,0,0,0,0,0,0,0,0,0,0,0,0,0,0,0,0,0,0,0,0,0,0,0,0,0,,,,,,,,,,,,,,,2825.42308,2827.846402,pass,pass,2824.519776,2829.257954,1.749229000000014,0.6740930000000844,2824.9857727500003,2828.01492525,3.029152499999782
3214,3215,178180,1831817299,5476345,2H,45,42,00:45:42.447,2805.447136,duel,"defensive_duel, ground_duel",64,15,3157,Milan,4-4-2,3163,Udinese,5-3-2,291591,F. Tomori,LCB,,,,,,,,,,,,,,,,,20593.0,R. Pereyra,SS,defensive_duel,,,True,False,False,,1831818223.0,,,,,,,,0,0,,,,,,,,1831818218.0,7.2714445,[],11.0,1.0,21.0,76.0,48.0,97.0,3163.0,Udinese,5-3-2,,,,,,0,0,0,0,0,0,0,0,0,0,0,0,0,0,0,0,0,1,0,0,1,0,0,0,0,0,0,0,0,0,0,0,0,0,0,0,0,0,0,0,0,0,0,0,0,0,0,0,0,0,0,0,0,0,0,0,0,0,0,0,0,,,,,,,,,,,,,,,2803.33278,2806.869988,duel,pass,2801.341911,2806.869988,2.1143559999995887,1.422852000000148,2802.804191,2806.869988,4.065796999999748
18984,19034,3649,1720968343,5476242,1H,23,27,00:23:27.708,1408.708351,shot,,79,40,3187,Napoli,4-4-2,3254,Frosinone,4-3-3,99902,P. Zieliński,CF,,,,,,,,,right_foot,0.0,0.0,bc,0.01051,,,,,,,,,,,,,,,,,,,,,,0,0,,,,,,,,1720968334.0,8.308965,['attack'],6.0,5.0,35.0,57.0,79.0,40.0,3187.0,Napoli,4-4-2,True,False,False,center,0.0105,0,0,0,0,0,0,0,0,0,0,0,0,0,0,0,0,0,0,0,0,0,0,0,0,0,0,0,0,0,0,0,0,0,0,0,0,0,0,0,0,0,0,0,0,0,0,0,0,0,0,0,0,0,0,0,0,0,0,0,0,0,,,,,,,0.0,1.0,0.0,1.0,1.0,0.0,0.0,,1407.313689,1409.350715,interception,interception,1406.795406,1410.968257,1.3946619999999257,0.6423640000000432,1406.9650235,1409.511306,2.546282499999961
18600,18648,368224,2044106435,5476458,2H,75,56,01:15:56.541,4773.541343,shot,"opportunity, touch_in_box",88,75,3192,Salernitana,4-1-4-1,3158,Roma,4-3-3,20556,A. Candreva,RW,,,,,,,,,right_foot,0.0,1.0,gbr,0.0196,0.0153,2044105441.0,"{'id': 70134, 'name': 'Rui Patrício'}",,,,,,,,,,,,,,,,,,,0,0,,,,,,,,2044106419.0,25.2637775,['attack'],12.0,11.0,6.0,27.0,88.0,75.0,3192.0,Salernitana,4-1-4-1,True,True,False,center,0.0196,0,0,0,0,0,0,0,0,0,1,0,0,0,0,0,0,0,0,0,0,0,0,0,0,0,0,0,1,0,0,0,0,0,0,0,0,0,0,0,0,0,0,0,0,0,0,0,0,0,0,0,0,0,0,0,0,0,0,0,0,0,,,,,,,1.0,1.0,0.0,1.0,1.0,0.0,0.0,,4772.759202,4774.668918,shot_against,duel,4770.749854,4775.695947,0.7821409999996831,1.1275750000004336,4772.56366675,4774.950811750001,2.3871450000006007
23799,23857,151509,1826540125,5476330,1H,4,17,00:04:17.714,258.714453,touch,loss,34,87,3254,Frosinone,4-2-3-1,3173,Cagliari,4-3-2-1,354123,Pol Lirola,RB,,,,,,,,,,,,,,,,,,,,,,,,,,,,,,,,,,,0,0,,,,,,,,1826540117.0,10.6771005,[],9.0,8.0,40.0,71.0,40.0,84.0,3254.0,Frosinone,4-2-3-1,,,,,,0,0,0,0,0,0,0,0,0,0,0,0,0,0,1,0,0,0,0,0,0,0,0,0,0,0,0,0,0,0,0,0,0,0,0,0,0,0,0,0,0,0,0,0,0,0,0,0,0,0,0,0,0,0,0,0,0,0,0,0,0,,,,,,,,,,,,,,,257.339793,260.462178,interception,pass,255.606231,263.33466,1.3746600000000058,1.7477250000000026,256.996128,260.89910925,3.902981249999982
3065,3066,147856,1822447355,5476327,2H,74,45,01:14:45.622,4553.622115,duel,"defensive_duel, ground_duel",9,27,3185,Torino,4-2-3-1,3161,Internazionale,3-5-2,138174,K. Linetty,LDMF,,,,,,,,,,,,,,,,,423151.0,D. Frattesi,RCMF3,defensive_duel,,,False,False,False,right,1822447623.0,,,,,,,,0,0,,,,,,,,1822447590.0,39.7330805,"['attack', 'transition_low']",23.0,20.0,10.0,49.0,94.0,75.0,3161.0,Internazionale,3-5-2,False,False,False,right,0.0,0,0,0,0,0,0,0,0,0,0,0,0,0,0,0,0,0,1,0,0,1,0,0,0,0,0,0,0,0,0,0,0,0,0,0,0,0,0,0,0,0,0,0,0,0,0,0,0,0,0,0,0,0,0,0,0,0,0,0,0,0,,,,,,,,,,,,,,,4550.472485,4554.098802,pass,touch,4548.927111,4555.034663,3.149629999999888,0.4766870000003109,4549.6850775,4554.217973750001,4.532896250000704
1969,1970,55252,1759922444,5476272,2H,73,0,01:13:00.860,4798.860831,pass,"cross, lateral_pass, loss, touch_in_box",96,28,3315,Sassuolo,4-4-2,3254,Frosinone,4-1-4-1,567463,M. Pedersen,LB,False,99.0,12.0,21373.0,S. Romagnoli,LCB,94.0,46.0,,,,,,,,,,,,,,,,,,,,,,,,,,,0,0,,,,,,,,1759922427.0,38.1301415,['attack'],19.0,18.0,49.0,50.0,94.0,46.0,3315.0,Sassuolo,4-4-2,False,False,False,left,0.0,0,0,1,0,0,0,0,0,0,0,0,0,0,0,1,0,0,0,0,0,0,0,0,0,0,0,0,1,0,0,0,0,1,0,0,0,0,0,0,0,0,0,0,0,0,0,0,0,0,0,0,0,0,0,0,0,0,0,0,0,0,0.0,1.0,0.0,0.0,1.0,,,,,,,,,,4798.116024,4799.66011,interception,duel,4794.891431,4804.202333,0.7448070000000371,0.7992789999998422,4797.92982225,4799.85992975,1.9301074999993943
21482,21537,145639,1809993479,5476326,1H,45,56,00:45:56.771,2757.771222,touch,"loss, carry",19,62,3162,Lazio,4-3-3,3315,Sassuolo,4-2-3-1,567230,N. Rovella,DMF,,,,,,,,,,,,,,,,,,,,,,,,,,,,,,,,,,,0,0,,,,,8.977,29.0,75.0,1809993469.0,35.0242735,"['counterattack', 'attack', 'throw_in']",13.0,7.0,30.0,100.0,94.0,37.0,3162.0,Lazio,4-3-3,False,False,False,right,0.0,0,0,0,0,0,0,1,0,0,0,0,0,0,0,1,0,0,0,0,0,0,0,0,0,0,0,0,0,0,0,0,0,0,0,0,0,0,0,0,0,0,0,0,0,0,0,0,0,0,0,0,0,0,0,0,0,0,0,0,0,0,,,,,,,,,,,,,,,2756.717437,2759.234668,pass,pass,2754.602882,2760.638082,1.0537850000000617,1.4634460000002036,2756.45399075,2759.6005295,3.146538750000218
6481,6489,123722,1789946495,5476313,2H,51,8,00:51:08.750,3145.75037,duel,"defensive_duel, ground_duel",25,76,3157,Milan,4-3-3,3193,Genoa,4-5-1,0,,,,,,,,,,,,,,,,,,,216568.0,A. Gudmundsson,CF,defensive_duel,,,True,True,False,,1789945665.0,,,,,,,,0,0,,,,,,,,1789946495.0,4.969243,['transition_low'],4.0,0.0,25.0,76.0,57.0,69.0,3157.0,Milan,4-3-3,,,,,,0,0,0,0,0,0,0,0,0,0,0,0,0,0,0,0,0,1,0,0,1,0,0,0,0,0,0,0,0,0,0,0,0,0,0,0,0,0,0,0,0,0,0,0,0,0,0,0,0,0,0,0,0,0,0,0,0,0,0,0,0,,,,,,,,,,,,,,,3145.049482,3146.274963,interception,pass,3142.510636,3149.139717,0.7008880000003046,0.5245929999996406,3144.87426,3146.40611125,1.5318512500002726
11927,11952,415192,2105074773,5476486,1H,34,43,00:34:43.098,2084.098637,pass,"forward_pass, short_or_medium_pass",48,24,3193,Genoa,3-5-2,3187,Napoli,4-3-3,215869,M. Bani,CB,True,-41.0,18.0,511944.0,J. Vásquez,LCB3,61.0,6.0,,,,,,,,,,,,,,,,,,,,,,,,,,,0,0,,,,,,,,2105074751.0,44.9766375,['attack'],19.0,9.0,22.0,69.0,57.0,0.0,3193.0,Genoa,3-5-2,False,False,False,left,0.0,0,1,0,1,0,0,0,0,0,0,0,0,0,0,0,0,0,0,0,0,0,0,0,0,0,0,0,0,0,0,0,0,0,0,0,0,0,0,0,0,0,0,0,0,0,0,0,0,0,0,0,0,0,0,0,0,0,0,0,0,0,,,,1.0,0.0,1.0,,,,,,,,,2080.632339,2088.801128,pass,touch,2079.693326,2089.965575,3.466298000000279,4.702491000000009,2079.7657645,2089.965575,10.19981050000024
2892,2893,435386,2100003885,5476498,1H,43,8,00:43:08.350,2589.35019,duel,loose_ball_duel,48,6,3192,Salernitana,5-4-1,3236,Monza,4-2-3-1,526985,D. Bradarić,LB5,,,,,,,,,,,,,,,,,,,,,,,,,,,,,,,,,,,0,0,,,,,,,,2100004905.0,54.5408045,['attack'],28.0,9.0,2.0,62.0,92.0,51.0,3236.0,Monza,4-2-3-1,True,False,False,right,0.2675,0,0,0,0,0,1,0,0,0,0,0,0,0,0,0,0,0,0,0,0,0,0,0,0,0,0,0,0,0,0,0,0,0,0,0,0,0,0,0,0,0,0,0,0,0,0,0,0,0,0,0,0,0,0,0,0,0,0,0,0,0,,,,,,,,,,,,,,,2587.715899,2589.35019,duel,pass,2584.993501,2591.135755,1.634291000000303,0.0,2587.30732625,2589.35019,2.042863750000379
1912,1913,353010,1973245531,5476449,2H,80,0,01:20:00.599,5195.599599,pass,"cross, deep_completed_cross, lateral_pass, pass_to_penalty_area, progressive_pass, shot_assist",75,87,3157,Milan,4-2-3-1,3163,Udinese,3-5-2,472194,Y. Adli,LDMF,True,-52.0,27.0,26010.0,O. Giroud,CF,91.0,55.0,,,,,,,,,,,,,,,,,,,,,,,,,,,0,0,,,,,,,,1973245520.0,27.5088115,['attack'],17.0,13.0,44.0,88.0,89.0,53.0,3157.0,Milan,4-2-3-1,True,False,False,right,0.08,0,0,1,0,1,0,0,0,0,0,0,0,0,0,0,0,0,0,0,0,0,0,0,0,0,0,0,0,0,0,0,0,1,1,1,0,0,0,1,0,0,0,0,0,0,0,0,0,0,0,0,0,0,0,0,0,0,0,0,0,0,1.0,0.0,0.0,1.0,0.0,,,,,,,,,,5193.551729,5197.148551,duel,pass,5189.718113,5198.031476,2.04787000000033,1.5489520000000994,5193.0397615,5197.5357890000005,4.496027500000309
296,296,24667,1731646223,5476254,1H,46,34,00:46:34.268,2795.268128,pass,"cross, forward_pass, loss, pass_to_penalty_area",73,28,3162,Lazio,4-3-3,3193,Genoa,4-3-2-1,40806,Felipe Anderson,RWF,False,29.0,19.0,215869.0,M. Bani,RCB,89.0,41.0,,,,,,,,,,,,,,,,,,,,,,,,,,,0,0,,,,,,,,1731646215.0,39.5060555,"['corner', 'set_piece_attack', 'attack']",22.0,8.0,100.0,0.0,95.0,69.0,3162.0,Lazio,4-3-3,False,False,False,center,0.0,0,0,0,1,0,0,0,0,0,0,0,0,0,0,1,0,0,0,0,0,0,0,0,0,0,0,0,0,0,0,0,0,1,0,1,0,0,0,0,0,0,0,0,0,0,0,0,0,0,0,0,0,0,0,0,0,0,0,0,0,0,0.0,0.0,1.0,0.0,1.0,,,,,,,,,,2793.341181,2796.044062,interception,pass,2784.944117,2796.905544,1.926947000000382,0.7759339999997792,2792.85944425,2796.2380455,3.3786012499999742
18468,18516,415468,2105075014,5476486,2H,46,45,00:46:45.376,2984.37644,shot,"goal, opportunity",84,45,3193,Genoa,5-4-1,3187,Napoli,4-3-3,544937,M. Frendrup,LCMF,,,,,,,,,left_foot,1.0,1.0,gr,0.126,0.4564,2105075531.0,"{'id': 286215, 'name': 'A. Meret'}",,,,,,,,,,,,,,,,,,,0,0,,,,,,,,2105075003.0,27.7744095,['attack'],11.0,10.0,37.0,34.0,84.0,45.0,3193.0,Genoa,5-4-1,True,True,True,right,0.126,0,0,0,0,0,0,0,0,0,1,0,0,0,0,0,0,0,0,0,0,0,0,0,0,0,0,0,0,0,0,0,0,0,0,0,0,0,0,0,1,0,0,0,0,0,0,0,0,0,0,0,0,0,0,0,0,0,0,0,0,0,,,,,,,1.0,0.0,1.0,0.0,0.0,1.0,0.0,,2983.101299,2985.904887,shot_against,pass,2982.886451,3049.732016,1.275141000000076,1.528447000000142,2982.886451,2986.2869987500003,3.4005477500004417
21296,21351,120611,1793045634,5476311,2H,57,43,00:57:43.011,3606.01188,touch,"progressive_run, carry",83,16,3178,Empoli,4-3-2-1,3163,Udinese,3-5-2,601307,M. Cancellieri,AMF,,,,,,,,,,,,,,,,,,,,,,,,,,,,,,,,,,,0,0,,,,,12.11,88.0,33.0,1793045622.0,16.4339765,['counterattack'],9.0,5.0,15.0,40.0,0.0,0.0,3178.0,Empoli,4-3-2-1,,,,,,0,0,0,0,0,0,1,0,0,0,0,0,0,0,0,0,0,0,0,0,0,0,0,0,0,0,0,0,0,0,1,0,0,0,0,0,0,0,0,0,0,0,0,0,0,0,0,0,0,0,0,0,0,0,0,0,0,0,0,0,0,,,,,,,,,,,,,,,3602.197048,3609.643309,duel,pass,3598.540909,3611.944228,3.814832000000024,3.6314290000000256,3601.24334,3610.55116625,9.30782625000029
18154,18202,363608,2051381478,5476456,1H,4,5,00:04:05.160,246.160585,shot,,77,34,3157,Milan,4-2-3-1,3166,Bologna,4-1-4-1,399654,Rafael Leão,LAMF,,,,,,,,,right_foot,0.0,0.0,bc,0.02532,,,,,,,,,,,,,,,,,,,,,,0,0,,,,,,,,2051381468.0,8.6995755,['attack'],7.0,6.0,40.0,87.0,77.0,34.0,3157.0,Milan,4-2-3-1,True,False,False,left,0.0253,0,0,0,0,0,0,0,0,0,0,0,0,0,0,0,0,0,0,0,0,0,0,0,0,0,0,0,0,0,0,0,0,0,0,0,0,0,0,0,0,0,0,0,0,0,0,0,0,0,0,0,0,0,0,0,0,0,0,0,0,0,,,,,,,0.0,1.0,0.0,1.0,1.0,0.0,0.0,,245.235056,247.051741,interception,duel,242.554419,248.114633,0.9255290000000116,0.8911559999999952,245.00367375,247.27453,2.2708562500000085
